Stn Id,Stn Name,CIMIS Region,Month Year,Total ETo (mm),qc,Total Precip (mm),qc,Avg Sol Rad (W/sq.m),qc,Avg Vap Pres (kPa),qc,Avg Max Air Temp (C),qc,Avg Min Air Temp (C),qc,Avg Air Temp (C),qc,Avg Max Rel Hum (%),qc,Avg Min Rel Hum (%),qc,Avg Rel Hum (%),qc,Avg Dew Point (C),qc,Avg Wind Speed (m/s),qc,Avg Soil Temp (C),qc
107,Santa Barbara,Central Coast Valleys,Apr 1993,114.11, ,1552.00,K,287,K,1.2, ,23.0, ,11.1, ,16.8, ,75, ,43, ,60, ,8.9, ,1.6, ,19.7, 
107,Santa Barbara,Central Coast Valleys,May 1993,145.62, ,19697.00,K,291, ,1.3, ,22.2, ,12.2, ,16.9, ,74, ,54, ,66, ,10.5, ,1.6, ,21.3, 
107,Santa Barbara,Central Coast Valleys,Jun 1993,154.69, ,0.00, ,314, ,1.4, ,23.5, ,14.1, ,18.3, ,73, ,56, ,68, ,12.2, ,1.5, ,23.4, 
107,Santa Barbara,Central Coast Valleys,Jul 1993,88.01,K,0.00,K,184,K,1.8,K,21.9, ,14.2,K,18.2,K,87,K,67,K,79,L,14.9,L,1.3,K,22.4,K
107,Santa Barbara,Central Coast Valleys,Aug 1993,121.70, ,0.00, ,256, ,1.8, ,23.5, ,15.0,K,18.9, ,96, ,66, ,83, ,15.8, ,1.5, ,23.8, 
107,Santa Barbara,Central Coast Valleys,Sep 1993,95.82, ,6.00, ,209, ,1.7, ,24.2, ,13.3,K,18.4, ,96, ,59, ,79, ,14.6, ,1.3, ,22.7,K
107,Santa Barbara,Central Coast Valleys,Oct 1993,75.57, ,8.00, ,166, ,1.5, ,23.7, ,13.0, ,17.6, ,91, ,53, ,74, ,12.4, ,1.2, ,20.4, 
107,Santa Barbara,Central Coast Valleys,Nov 1993,56.77, ,7.00, ,120, ,1.0, ,20.7, ,9.6, ,14.7, ,80, ,39, ,58, ,5.8, ,1.3, ,15.4, 
107,Santa Barbara,Central Coast Valleys,Dec 1993,44.13, ,37.00, ,95, ,0.9, ,18.5, ,7.0, ,12.3, ,79, ,41, ,61, ,4.6, ,1.2, ,11.8, 
107,Santa Barbara,Central Coast Valleys,Jan 1994,52.28, ,1.00, ,112, ,0.9, ,19.6, ,7.3, ,12.7, ,79, ,39, ,58, ,4.2, ,1.2, ,11.6, 
107,Santa Barbara,Central Coast Valleys,Feb 1994,55.87, ,88.00, ,156, ,0.9, ,17.1, ,7.1, ,12.1, ,85, ,44, ,65, ,5.4, ,1.6, ,12.9, 
107,Santa Barbara,Central Coast Valleys,Mar 1994,84.01, ,34.00, ,193,K,1.2, ,19.5, ,9.5, ,14.6, ,93, ,54, ,73, ,9.2, ,1.5, ,16.6,K
107,Santa Barbara,Central Coast Valleys,Apr 1994,102.84, ,21.00,K,232, ,1.2, ,19.8, ,10.2, ,14.6, ,94, ,55, ,74, ,9.7, ,1.7, ,17.9, 
107,Santa Barbara,Central Coast Valleys,May 1994,95.72, ,14.00, ,220, ,1.4, ,19.0, ,10.5,K,14.7, ,96, ,67, ,83, ,11.7, ,1.4, ,18.7, 
107,Santa Barbara,Central Coast Valleys,Jun 1994,139.34,K,14.00,K,292,K,1.6,K,23.6, ,12.8,K,18.0, ,95,K,54,K,77, ,13.9, ,1.5,K,21.8,K
107,Santa Barbara,Central Coast Valleys,Jul 1994,127.51, ,13.00, ,274, ,1.7, ,22.1, ,13.8, ,17.3, ,97, ,68, ,85, ,14.7, ,1.5, ,22.3, 
107,Santa Barbara,Central Coast Valleys,Aug 1994,130.15, ,11.00, ,255, ,1.9, ,26.5, ,15.9, ,20.5, ,96, ,57, ,79, ,16.7, ,1.4, ,23.5, 
107,Santa Barbara,Central Coast Valleys,Sep 1994,98.32, ,8.00, ,212, ,1.7, ,24.5, ,13.5,K,18.7, ,96, ,59, ,81, ,15.3, ,1.3, ,22.0,K
107,Santa Barbara,Central Coast Valleys,Oct 1994,81.87,K,19.00,K,181,K,1.3,K,22.7,K,11.0, ,16.9,K,90,K,49,K,71, ,10.9, ,1.4,K,19.3,K
107,Santa Barbara,Central Coast Valleys,Nov 1994,58.94, ,48.00, ,137, ,0.9, ,17.7, ,6.6, ,12.0, ,81, ,42, ,60, ,4.1, ,1.4, ,13.4, 
107,Santa Barbara,Central Coast Valleys,Dec 1994,41.44, ,21.00, ,102, ,0.9, ,17.5, ,6.8, ,11.7, ,87, ,49, ,68, ,5.7, ,1.2, ,11.7, 
107,Santa Barbara,Central Coast Valleys,Jan 1995,30.24,K,579.00,K,79, ,1.2,K,16.0, ,8.6,K,12.3, ,94, ,67, ,82,K,9.2,K,1.6,K,12.7, 
107,Santa Barbara,Central Coast Valleys,Feb 1995,49.07,K,46.00, ,131,K,1.3, ,19.9,K,10.6, ,14.9,K,93,K,60,K,77, ,10.4, ,1.1, ,15.8, 
107,Santa Barbara,Central Coast Valleys,Mar 1995,78.72, ,227.00, ,176,K,1.2,K,18.7, ,9.4,K,14.3, ,93, ,57, ,76,K,9.7,K,1.4,K,16.6, 
107,Santa Barbara,Central Coast Valleys,Apr 1995,125.70, ,10.00, ,260, ,1.1,K,20.5, ,9.8, ,15.0, ,89, ,47, ,65,K,8.1,K,1.8,K,17.2, 
107,Santa Barbara,Central Coast Valleys,May 1995,110.60, ,38.00, ,242, ,1.3,K,18.8, ,10.5,L,14.3, ,96, ,66, ,82,K,11.1,K,1.7,K,18.2,K
107,Santa Barbara,Central Coast Valleys,Jun 1995,124.34, ,25.00, ,271, ,1.5,K,21.2,K,12.3,K,16.4, ,97, ,65, ,83,K,13.2,K,1.4,K,20.3,K
107,Santa Barbara,Central Coast Valleys,Jul 1995,149.08,K,0.00, ,298, ,1.8,K,24.4,K,14.5, ,18.7, ,98, ,65, ,84,K,16.0,K,1.4, ,22.3, 
107,Santa Barbara,Central Coast Valleys,Aug 1995,146.60,K,0.00, ,293, ,1.8, ,24.2,K,14.0,K,18.3, ,99, ,63, ,84, ,15.5, ,1.3, ,22.5, 
107,Santa Barbara,Central Coast Valleys,Sep 1995,109.54,K,14.00,K,231,K,1.7,K,24.9, ,14.0,L,18.7,K,98,K,60,K,81,K,15.3,K,1.2,K,21.8,K
107,Santa Barbara,Central Coast Valleys,Oct 1995,76.92,K,2.00,L,199,L,1.7,L,24.1,L,13.8,L,18.4,L,97,L,63,L,80,L,14.6,L,1.1,L,21.2,L
107,Santa Barbara,Central Coast Valleys,Nov 1995,53.74,K,0.00,L,112,L,1.3,L,21.9,L,9.9,L,15.4,L,89,L,54,L,74,L,10.1,L,0.9,L,17.0,L
107,Santa Barbara,Central Coast Valleys,Dec 1995,42.32,K,88.00,L,97,L,1.2,L,19.0,L,9.0,L,13.6,L,90,K,56,K,74,L,8.8,L,1.3,L,13.8,L
107,Santa Barbara,Central Coast Valleys,Jan 1996,48.90,K,74.00, ,121, ,1.1, ,18.5,K,7.7,K,12.8, ,89, ,53, ,72, ,7.4, ,1.3,K,12.8,L
107,Santa Barbara,Central Coast Valleys,Feb 1996,49.25,K,186.00, ,127,K,1.3,K,18.2,K,9.9,K,13.6,K,95,K,62,K,80,K,10.0,K,1.4, ,15.3,L
107,Santa Barbara,Central Coast Valleys,Mar 1996,89.48, ,51.00, ,200,K,1.2, ,19.1,K,8.8, ,13.6, ,94, ,57, ,76, ,9.1, ,1.5, ,16.3, 
107,Santa Barbara,Central Coast Valleys,Apr 1996,136.58,K,24.00, ,271,K,1.2,K,23.1,K,10.9, ,16.7, ,89, ,45, ,65,K,9.4,K,1.7, ,18.7, 
107,Santa Barbara,Central Coast Valleys,May 1996,149.07,K,21.00, ,286, ,1.5,L,22.9,K,12.4,L,17.2, ,96, ,55, ,76,L,12.9,L,1.6,K,20.7, 
107,Santa Barbara,Central Coast Valleys,Jun 1996,136.48,K,0.00, ,300, ,1.6,L,22.0,L,13.0,L,17.2,K,98,K,66,K,84,L,14.4,L,1.4, ,21.3, 
107,Santa Barbara,Central Coast Valleys,Jul 1996,148.23, ,0.00, ,305, ,1.8,K,23.8,K,14.1, ,17.9, ,100, ,68, ,87,K,15.6,K,1.6,K,22.5, 
107,Santa Barbara,Central Coast Valleys,Aug 1996,145.22,K,0.00, ,291,K,1.8,L,25.0,K,14.5,L,19.0, ,99, ,63, ,84,L,16.0,L,1.5,K,23.1, 
107,Santa Barbara,Central Coast Valleys,Sep 1996,103.29, ,0.00, ,228,K,1.8,L,23.4, ,14.8,L,18.5, ,98, ,68, ,86,L,15.9,L,1.4, ,22.5, 
107,Santa Barbara,Central Coast Valleys,Oct 1996,90.79, ,72.00, ,193,K,1.3,L,21.4,K,11.9,L,16.3, ,80, ,53, ,68,L,9.5,L,1.5,K,19.7,K
107,Santa Barbara,Central Coast Valleys,Nov 1996,58.31,K,69.00, ,132,K,1.0,L,20.9,K,9.7,K,14.9, ,73, ,40, ,58,L,5.9,L,1.3,K,16.0, 
107,Santa Barbara,Central Coast Valleys,Dec 1996,38.30, ,146.00, ,94, ,1.0, ,17.9, ,8.6,K,12.9, ,77, ,53, ,66, ,6.5, ,1.3,K,13.6,K
107,Santa Barbara,Central Coast Valleys,Jan 1997,40.26,K,151.00,K,103,K,1.0,L,16.9, ,8.1,K,12.4, ,79, ,55, ,69,L,6.4,L,1.3, ,13.4,K
107,Santa Barbara,Central Coast Valleys,Feb 1997,78.97, ,1.00, ,187,K,0.8,L,19.8,K,7.8,K,13.8, ,69, ,33, ,50,L,2.8,L,1.6,K,14.3, 
107,Santa Barbara,Central Coast Valleys,Mar 1997,100.03,K,0.00,K,217,K,1.0,L,20.9,K,9.1,K,14.7,K,79,K,43,K,60,L,6.6,L,1.3,K,16.7,K
107,Santa Barbara,Central Coast Valleys,Apr 1997,145.56,K,0.00, ,282,K,1.0,K,22.4,K,10.8,K,16.3, ,71, ,36, ,54,K,6.3,K,2.0,K,18.2, 
107,Santa Barbara,Central Coast Valleys,May 1997,144.56,K,0.00, ,276, ,1.4,K,24.4,K,14.3,L,18.9,K,79,K,49,K,64,K,11.4,K,1.6,K,21.2,K
107,Santa Barbara,Central Coast Valleys,Jun 1997,127.87, ,0.00, ,256, ,1.4, ,22.7,K,14.3,K,18.2, ,81, ,55, ,69, ,12.4, ,1.6,K,21.6, 
107,Santa Barbara,Central Coast Valleys,Jul 1997,128.89,K,0.00, ,259,K,1.5,L,23.1,K,14.5,L,18.5,K,82,K,58,K,71,L,13.2,L,1.4,K,22.1, 
107,Santa Barbara,Central Coast Valleys,Aug 1997,138.85,K,0.00, ,258, ,1.7, ,26.3,K,16.2,K,20.8,K,82,K,52,K,69, ,14.8, ,1.3,K,23.3, 
107,Santa Barbara,Central Coast Valleys,Sep 1997,124.41,K,2.00, ,233, ,1.7,L,28.3,K,16.8,L,22.0,K,81,K,45,K,64,L,14.7,L,1.0,K,23.5,K
107,Santa Barbara,Central Coast Valleys,Oct 1997,96.91,K,4.00, ,193,K,1.1,K,24.6,L,12.9,K,18.5,K,70,K,38,K,54,K,8.1,K,0.8, ,19.7,K
107,Santa Barbara,Central Coast Valleys,Nov 1997,52.27,K,79.00, ,121, ,1.1,L,20.8,L,10.8,K,16.1,K,77,K,48,K,63,L,8.5,L,0.9, ,16.8,K
107,Santa Barbara,Central Coast Valleys,Dec 1997,52.47,K,169.00, ,107, ,0.8, ,18.7,K,7.5,K,12.7, ,67, ,34, ,51, ,2.4, ,1.3,K,12.2, 
107,Santa Barbara,Central Coast Valleys,Jan 1998,46.84,K,149.00, ,111, ,1.0,L,17.8, ,8.1,K,12.8, ,79, ,52, ,68,L,7.1,L,1.2,K,13.1, 
107,Santa Barbara,Central Coast Valleys,Feb 1998,56.42, ,536.00,K,134,K,0.9, ,17.0, ,8.4, ,12.6, ,78, ,48, ,64, ,5.9, ,2.1,K,13.5, 
107,Santa Barbara,Central Coast Valleys,Mar 1998,92.02, ,97.00, ,202,K,1.0,L,18.4,K,8.9,K,13.6, ,80, ,52, ,67,L,7.4,L,1.6,K,16.2, 
107,Santa Barbara,Central Coast Valleys,Apr 1998,125.92,K,43.00, ,261,K,1.0,L,19.4, ,9.1,L,14.0,K,77,K,45,K,62,L,6.6,L,1.9,K,17.0,K
107,Santa Barbara,Central Coast Valleys,May 1998,134.83, ,93.00, ,277,K,1.2,K,19.4,K,10.6, ,15.2, ,81, ,53, ,68,K,9.1,K,1.8,K,19.2, 
107,Santa Barbara,Central Coast Valleys,Jun 1998,123.29, ,1.00, ,263, ,1.4, ,20.9, ,12.6, ,16.7, ,83, ,60, ,72, ,11.6, ,1.6,K,20.5, 
107,Santa Barbara,Central Coast Valleys,Jul 1998,142.90,K,0.00, ,286,K,1.7,L,24.2,K,15.6,L,19.3, ,84, ,60, ,75,L,14.6,L,1.5,K,23.2,K
107,Santa Barbara,Central Coast Valleys,Aug 1998,147.60,K,0.00, ,276, ,1.7, ,26.5,K,15.9, ,20.5, ,84, ,55, ,72, ,15.1, ,1.4,K,24.1, 
107,Santa Barbara,Central Coast Valleys,Sep 1998,95.55,K,3.00, ,204,K,1.6,L,23.6,K,15.2,L,18.9, ,83, ,60, ,73,L,14.0,L,1.3,K,22.8,K
107,Santa Barbara,Central Coast Valleys,Oct 1998,98.22, ,3.00,K,198,K,1.1, ,23.3,K,10.9, ,16.6, ,78, ,41, ,60, ,8.2, ,1.3, ,18.8, 
107,Santa Barbara,Central Coast Valleys,Nov 1998,61.15, ,23.00, ,142,K,0.9,L,20.2,K,8.2,K,14.0, ,78, ,40, ,59,L,5.8,L,1.3,K,15.0, 
107,Santa Barbara,Central Coast Valleys,Dec 1998,50.31,K,21.00, ,117, ,0.7, ,18.4,K,5.6,K,11.3,K,71,K,33,K,52, ,1.4, ,1.3,K,11.2,K
107,Santa Barbara,Central Coast Valleys,Jan 1999,53.56, ,61.00, ,123, ,0.8, ,19.1,K,7.0, ,12.4, ,75, ,40, ,58, ,3.7, ,1.3, ,11.8, 
107,Santa Barbara,Central Coast Valleys,Feb 1999,66.18, ,23.00, ,167,K,0.8, ,18.1, ,7.0, ,12.2, ,74, ,41, ,59, ,4.0, ,1.5, ,12.9, 
107,Santa Barbara,Central Coast Valleys,Mar 1999,90.71,K,96.00,K,206,K,0.9,L,16.9,K,6.7,K,11.9, ,81, ,51, ,67,L,5.7,L,1.7,K,14.5,K
107,Santa Barbara,Central Coast Valleys,Apr 1999,121.14, ,51.00, ,258,K,0.9,K,18.8,K,8.2,K,13.0, ,79, ,44, ,62,K,5.5,K,1.9,K,16.3,K
107,Santa Barbara,Central Coast Valleys,May 1999,133.24, ,0.00,K,287,K,1.2,L,19.1, ,10.4,L,14.7,K,82,K,57,K,71,L,9.4,L,1.7,K,18.9,K
107,Santa Barbara,Central Coast Valleys,Jun 1999,142.78, ,0.00, ,311, ,1.3,K,20.0, ,11.9,K,15.4, ,83, ,61, ,74,K,11.0,L,1.8,K,20.4,K
107,Santa Barbara,Central Coast Valleys,Jul 1999,157.56,K,0.00, ,311,K,1.5,L,23.4,K,14.3,L,18.6, ,84, ,55, ,71,L,13.3,L,1.6,K,22.5,K
107,Santa Barbara,Central Coast Valleys,Aug 1999,147.33, ,0.00, ,292,K,1.5,L,23.4, ,13.2,L,17.7, ,84, ,55, ,73,L,12.7,L,1.6,K,22.1, 
107,Santa Barbara,Central Coast Valleys,Sep 1999,92.44, ,0.00, ,203,K,1.4,K,21.7,K,13.2,K,16.7,K,84,K,61,K,75,K,12.2,K,1.4,K,20.6,K
107,Santa Barbara,Central Coast Valleys,Oct 1999,101.71,K,0.00, ,200,K,1.2,L,26.2,K,11.9,L,17.9,K,79,K,38,K,59,L,9.0,L,1.3,K,19.5, 
107,Santa Barbara,Central Coast Valleys,Nov 1999,58.75,K,5.00, ,136,K,1.1,L,20.1, ,9.3,K,14.2, ,80, ,50, ,66,L,7.5,L,1.3,K,16.0,K
107,Santa Barbara,Central Coast Valleys,Dec 1999,62.71, ,0.00, ,124,K,0.6,L,20.5,K,7.0,K,13.1, ,61, ,27, ,43,L,0.3,L,1.3,K,12.1, 
107,Santa Barbara,Central Coast Valleys,Jan 2000,47.00, ,62.00, ,106,K,1.0,L,18.4, ,7.9,K,12.9, ,76, ,48, ,63,L,5.6,L,1.3, ,12.5, 
107,Santa Barbara,Central Coast Valleys,Feb 2000,48.52,K,332.00,K,117,K,1.0,L,16.8, ,8.4,K,12.4, ,82, ,57, ,72,L,7.2,L,1.6,K,13.7, 
107,Santa Barbara,Central Coast Valleys,Mar 2000,95.20, ,117.00,K,214,K,1.0,L,18.4, ,8.0,K,13.1, ,81, ,50, ,68,L,6.9,L,1.5, ,15.1,K
107,Santa Barbara,Central Coast Valleys,Apr 2000,120.28, ,140.00,L,261,L,1.2,L,20.6,L,10.0,L,15.1,L,83, ,52, ,69,L,9.1,L,1.6,L,18.0,L
107,Santa Barbara,Central Coast Valleys,May 2000,147.27,K,0.00,L,304,L,1.3,L,22.7,L,12.1,L,17.1,L,82,L,53,L,68,L,11.2,L,1.4,L,20.5,L
107,Santa Barbara,Central Coast Valleys,Jun 2000,124.29,K,0.00,L,276,L,1.7,L,22.4,L,14.3,L,17.9,L,90,K,67,K,81,L,14.1,L,0.9,L,22.2,L
107,Santa Barbara,Central Coast Valleys,Jul 2000,145.58, ,0.00, ,299,K,1.9,L,23.8,K,13.9,L,18.4, ,100, ,68, ,88,L,16.2,L,1.7,K,22.6, 
107,Santa Barbara,Central Coast Valleys,Aug 2000,140.07, ,0.10, ,276, ,2.0,K,24.8,K,14.9, ,19.2, ,100, ,67, ,88,K,17.1,K,1.5,K,23.5, 
107,Santa Barbara,Central Coast Valleys,Sep 2000,104.71, ,0.40, ,222,K,1.9,L,24.6,K,14.3,L,19.0, ,100, ,65, ,86,L,16.4,L,1.4,K,22.1, 
107,Santa Barbara,Central Coast Valleys,Oct 2000,60.21,K,12.30,K,143,K,1.6,L,20.4,K,11.9,L,15.7, ,99, ,70, ,88,L,13.5,L,1.3,K,18.8,K
107,Santa Barbara,Central Coast Valleys,Nov 2000,62.48, ,1.10, ,148, ,1.0,L,19.6, ,6.7,K,12.8, ,89, ,44, ,66,L,6.2,L,1.3, ,14.0, 
107,Santa Barbara,Central Coast Valleys,Dec 2000,43.55, ,0.40, ,104,K,1.1,L,20.0,K,7.3,K,12.8, ,89, ,50, ,73,L,7.4,L,1.1,K,12.8, 
107,Santa Barbara,Central Coast Valleys,Jan 2001,48.95, ,23.90,K,120, ,0.9, ,17.1,K,5.6,K,10.9, ,89, ,49, ,71, ,5.2, ,1.3,K,11.2, 
107,Santa Barbara,Central Coast Valleys,Feb 2001,45.33,K,12.70,K,126,K,1.0,L,15.9,K,6.5,K,11.1, ,93, ,61, ,80,L,7.3,L,1.5,K,12.0, 
107,Santa Barbara,Central Coast Valleys,Mar 2001,79.13,K,114.60,K,178,K,1.3,L,18.9,L,8.8,L,13.9,L,99,L,69,L,85,L,11.4,L,1.7,K,15.1,K
107,Santa Barbara,Central Coast Valleys,Apr 2001,100.74, ,37.00, ,235, ,1.2,K,18.2,K,8.2,K,13.0, ,97, ,62, ,82,K,9.9,K,1.7,K,16.5, 
107,Santa Barbara,Central Coast Valleys,May 2001,96.22,K,5.40,K,216,K,1.7,L,20.3, ,12.9,L,16.2,K,99,K,78,K,93,L,14.7,L,1.4, ,19.5,L
107,Santa Barbara,Central Coast Valleys,Jun 2001,140.42,K,0.40, ,298, ,1.9,L,22.9,K,14.0,L,18.0, ,100, ,74, ,91,L,16.4,L,1.4,K,22.3,K
107,Santa Barbara,Central Coast Valleys,Jul 2001,122.95,K,0.70, ,260, ,1.9,L,22.5,K,14.2,L,17.7, ,100, ,76, ,92,L,16.2,L,1.0,K,22.9,K
107,Santa Barbara,Central Coast Valleys,Aug 2001,128.36, ,0.50, ,269,K,1.9, ,23.4, ,14.1,L,18.1, ,100,K,74,K,92, ,16.8, ,1.4, ,23.0, 
107,Santa Barbara,Central Coast Valleys,Sep 2001,96.48,K,0.30,K,212,K,1.9,K,23.6,K,14.4,L,18.3,K,100,L,73,L,91,L,16.7,L,1.3,K,22.0,K
107,Santa Barbara,Central Coast Valleys,Oct 2001,59.42,K,8.70, ,143, ,1.7, ,21.1, ,12.7,L,16.2, ,100, ,79, ,94, ,15.3, ,1.2, ,20.1, 
107,Santa Barbara,Central Coast Valleys,Nov 2001,40.58, ,75.90,K,110,K,1.5,K,19.9, ,10.1,K,14.7, ,96,K,66,K,86,K,12.2,K,1.3,K,16.7, 
107,Santa Barbara,Central Coast Valleys,Dec 2001,38.13, ,50.50, ,96, ,1.1,K,17.2, ,6.7,K,11.6,K,92,K,56,K,76,K,7.3,K,1.3,K,12.0, 
107,Santa Barbara,Central Coast Valleys,Jan 2002,47.26, ,27.20, ,121, ,1.0, ,17.3, ,5.9,K,11.0, ,91, ,52, ,74, ,6.3, ,1.2, ,12.0,K
107,Santa Barbara,Central Coast Valleys,Feb 2002,69.52,K,8.40, ,180,K,1.1, ,20.5,K,7.1,K,13.2, ,93, ,47, ,71, ,7.6, ,1.3, ,13.0, 
107,Santa Barbara,Central Coast Valleys,Mar 2002,94.39, ,10.60, ,211,K,1.1, ,18.0, ,7.0,K,12.4, ,92, ,52, ,73, ,7.3, ,1.7,K,14.8,K
107,Santa Barbara,Central Coast Valleys,Apr 2002,102.55,K,1.40,K,236,K,1.3,K,18.2, ,9.0,L,13.3, ,97, ,66, ,83,K,10.4,K,1.6, ,17.0, 
107,Santa Barbara,Central Coast Valleys,May 2002,126.55,K,2.20, ,277, ,1.4,K,20.1,K,10.1,L,14.7, ,99, ,67, ,86,K,12.3,K,1.6,K,18.8, 
107,Santa Barbara,Central Coast Valleys,Jun 2002,125.31, ,1.30, ,275, ,1.8,K,21.0, ,13.0,L,16.8, ,100, ,76, ,91,K,15.4,K,1.6, ,21.3, 
107,Santa Barbara,Central Coast Valleys,Jul 2002,130.50, ,0.40, ,274, ,1.9,K,22.9, ,14.7, ,18.1, ,100, ,77, ,92,L,16.8,L,1.6, ,22.5,K
107,Santa Barbara,Central Coast Valleys,Aug 2002,119.50, ,0.80, ,253, ,1.9, ,22.8, ,13.7, ,17.5, ,100, ,75, ,92, ,16.2, ,1.4,K,22.1,K
107,Santa Barbara,Central Coast Valleys,Sep 2002,103.70,K,5.00, ,229,K,1.8, ,24.6,K,13.2,L,17.8, ,100, ,65, ,87, ,15.6, ,1.3,K,21.8,K
107,Santa Barbara,Central Coast Valleys,Oct 2002,58.73,K,0.40, ,138,K,1.5, ,20.0,K,10.8,L,15.1,K,100,K,74,K,90, ,13.3, ,1.2, ,18.6, 
107,Santa Barbara,Central Coast Valleys,Nov 2002,53.00,K,149.40,K,120, ,1.3,K,22.5,K,9.5,K,15.3, ,90, ,50, ,73,L,9.7,L,1.2, ,15.9, 
107,Santa Barbara,Central Coast Valleys,Dec 2002,35.83,K,159.70, ,96, ,1.2,K,17.3, ,7.6, ,11.9, ,97, ,66, ,86,K,9.5,K,1.3,K,13.0, 
107,Santa Barbara,Central Coast Valleys,Jan 2003,47.86,K,0.30, ,114, ,1.3,K,22.3,K,9.4,K,14.9,K,92,K,55,K,76,K,10.2,K,1.1, ,13.6,K
107,Santa Barbara,Central Coast Valleys,Feb 2003,55.33, ,75.50,K,148,K,1.1,K,18.4, ,7.4,K,12.9, ,92, ,54, ,75,K,8.2,K,1.5, ,13.8, 
107,Santa Barbara,Central Coast Valleys,Mar 2003,99.94,K,102.60, ,216,K,1.2,K,20.3,K,8.7,K,14.5,K,93,K,57,K,75,K,9.7,K,1.6,K,15.8, 
107,Santa Barbara,Central Coast Valleys,Apr 2003,109.54, ,39.10, ,251,K,1.2, ,18.7, ,8.9,L,13.7, ,95, ,59, ,78, ,9.7, ,1.9,K,17.0, 
107,Santa Barbara,Central Coast Valleys,May 2003,121.77,K,44.90, ,273,K,1.5,K,20.3,K,10.9,L,15.3, ,98, ,68, ,85,K,12.7,K,1.2,K,19.1,K
107,Santa Barbara,Central Coast Valleys,Jun 2003,88.69, ,7.00,K,209, ,1.7, ,20.3, ,13.2,L,16.4, ,99, ,77, ,90, ,14.7, ,1.3, ,20.6, 
107,Santa Barbara,Central Coast Valleys,Jul 2003,144.28,K,0.30, ,289, ,2.0,K,25.1,L,15.5,K,19.6,K,98,K,71,K,86,L,16.9,L,1.4,K,23.6,K
107,Santa Barbara,Central Coast Valleys,Aug 2003,152.77,K,0.10,K,295,K,1.8,K,26.3,K,14.6,L,20.0,K,95,K,54,K,77, ,15.7, ,1.3,K,24.2,K
107,Santa Barbara,Central Coast Valleys,Sep 2003,100.59, ,1.00, ,219, ,1.7, ,23.0, ,13.9, ,17.5, ,96, ,66, ,84, ,14.7, ,1.3, ,23.1, 
107,Santa Barbara,Central Coast Valleys,Oct 2003,75.61, ,1.50, ,163,K,1.5, ,24.0,K,12.8,L,17.3, ,92, ,56, ,76, ,12.5, ,1.1, ,20.7, 
107,Santa Barbara,Central Coast Valleys,Nov 2003,50.10, ,11.00,K,123,K,1.0, ,19.1, ,7.6,K,12.8, ,84, ,46, ,66, ,6.3, ,1.1, ,15.5, 
107,Santa Barbara,Central Coast Valleys,Dec 2003,38.26,K,58.20,K,87,K,0.9, ,17.2,K,6.3,K,11.4, ,81, ,44, ,64, ,4.5, ,1.2,K,12.2, 
107,Santa Barbara,Central Coast Valleys,Jan 2004,47.20, ,11.20, ,109, ,0.9, ,17.4, ,5.8,K,11.2, ,85, ,45, ,66, ,4.8, ,1.2, ,11.6, 
107,Santa Barbara,Central Coast Valleys,Feb 2004,58.09, ,158.50, ,142, ,0.9, ,16.6, ,6.3,K,11.4, ,80, ,46, ,63, ,4.1, ,1.5,K,12.4, 
107,Santa Barbara,Central Coast Valleys,Mar 2004,95.96,K,15.40,K,203,K,1.2, ,21.2,K,9.8,K,15.1,K,91,K,53,K,71, ,9.3, ,1.4, ,17.0,K
107,Santa Barbara,Central Coast Valleys,Apr 2004,114.73,K,4.60,K,252,K,1.2, ,21.0,K,9.8,L,15.5,K,89,K,51,K,70, ,9.4, ,1.5, ,18.5, 
107,Santa Barbara,Central Coast Valleys,May 2004,152.76,K,5.50, ,306, ,1.3, ,23.3,K,10.8, ,16.8,K,91,K,46,K,68, ,10.8, ,1.4, ,20.9, 
107,Santa Barbara,Central Coast Valleys,Jun 2004,106.16, ,1.10, ,234, ,1.5, ,21.0, ,12.9,L,16.7, ,92, ,64, ,80, ,13.1, ,1.4,K,21.2, 
107,Santa Barbara,Central Coast Valleys,Jul 2004,135.73, ,0.40, ,273,K,1.6, ,23.3,K,13.8,L,18.1, ,93, ,59, ,77, ,14.0, ,1.5, ,22.7,K
107,Santa Barbara,Central Coast Valleys,Aug 2004,119.38, ,1.20,K,243,K,1.7, ,23.0, ,14.0,L,18.0, ,94, ,64, ,81, ,14.7, ,1.4,K,23.1, 
107,Santa Barbara,Central Coast Valleys,Sep 2004,111.96,K,2.30, ,213, ,1.5,K,26.0,K,14.1, ,19.7,K,89,K,47,K,72,L,14.2,L,1.3,K,22.6, 
107,Santa Barbara,Central Coast Valleys,Oct 2004,69.48, ,112.20,K,156,K,1.4, ,21.0,K,11.0,L,15.6,K,92,K,59,K,78, ,11.6, ,1.3, ,19.3,K
107,Santa Barbara,Central Coast Valleys,Nov 2004,51.96, ,6.60,K,117, ,1.0, ,18.7,K,7.3,K,13.0, ,82, ,47, ,65, ,6.2, ,1.3, ,14.8,K
107,Santa Barbara,Central Coast Valleys,Dec 2004,38.75, ,120.60,K,92,K,0.9, ,17.9,K,6.8,K,12.0, ,82, ,49, ,67, ,5.5, ,1.3,K,12.1, 
107,Santa Barbara,Central Coast Valleys,Jan 2005,10.20,K,16.30,K,53,L,1.0,K,17.7,K,7.1,K,12.3,K,85,K,54,K,71,K,6.8,K,1.3,K,12.7,K
107,Santa Barbara,Central Coast Valleys,Feb 2005,50.07,K,154.00, ,134,K,1.1, ,17.8, ,8.7,K,13.1, ,87,K,57,K,73, ,7.9, ,1.4, ,14.4, 
107,Santa Barbara,Central Coast Valleys,Mar 2005,79.63, ,88.70, ,175,K,1.1, ,18.2, ,8.7,K,13.6, ,88, ,55, ,72, ,8.2, ,1.5,K,16.4, 
107,Santa Barbara,Central Coast Valleys,Apr 2005,122.38, ,27.40, ,262,K,1.0, ,20.2, ,8.5,L,14.3, ,87, ,44, ,64, ,7.1, ,1.5, ,17.7, 
107,Santa Barbara,Central Coast Valleys,May 2005,128.24, ,18.40, ,262,K,1.4,K,21.9,K,11.6,L,16.4, ,90, ,55, ,74,K,11.5,K,1.4, ,20.7, 
107,Santa Barbara,Central Coast Valleys,Jun 2005,129.17, ,0.00, ,274,K,1.4, ,21.3, ,11.5,L,16.2, ,92, ,58, ,76, ,11.9, ,1.4, ,21.5, 
107,Santa Barbara,Central Coast Valleys,Jul 2005,146.45, ,0.00, ,300,K,1.7, ,23.0,K,14.1,L,17.7, ,94, ,66, ,82, ,14.5, ,1.4, ,23.7,K
107,Santa Barbara,Central Coast Valleys,Aug 2005,120.07,K,0.00, ,246,K,1.7, ,23.2, ,14.2,L,18.0, ,93, ,65, ,81, ,14.7, ,1.3,K,23.7, 
107,Santa Barbara,Central Coast Valleys,Sep 2005,102.77,K,2.60, ,216, ,1.4,K,23.0,K,11.8,K,16.9, ,91, ,55, ,75,K,12.2,K,1.2, ,21.5,K
107,Santa Barbara,Central Coast Valleys,Oct 2005,74.78,K,18.90,K,156, ,1.3, ,22.0,K,10.9, ,15.8, ,90, ,53, ,72, ,10.2, ,1.1, ,19.2, 
107,Santa Barbara,Central Coast Valleys,Nov 2005,55.18,K,13.50,K,119, ,1.1, ,22.4,K,9.4,K,15.2, ,81, ,42, ,62, ,7.1, ,1.0,K,16.5, 
107,Santa Barbara,Central Coast Valleys,Dec 2005,36.47, ,68.50, ,88, ,1.0,K,18.8,K,7.7,K,12.7, ,83, ,49, ,68,K,6.7,K,1.0, ,13.9, 
107,Santa Barbara,Central Coast Valleys,Jan 2006,49.36,K,77.50, ,106, ,0.9,K,18.6,K,6.7,K,12.1, ,81, ,42, ,62,K,4.6,K,1.2,K,12.7, 
107,Santa Barbara,Central Coast Valleys,Feb 2006,68.20,K,86.10, ,162, ,0.8, ,19.7,K,6.8,K,12.7, ,81, ,36, ,58, ,3.8, ,1.3, ,14.1, 
107,Santa Barbara,Central Coast Valleys,Mar 2006,75.41,K,116.80, ,172, ,0.9, ,15.4,K,5.6,K,10.5, ,88, ,52, ,70, ,5.2, ,1.5,K,14.1,K
107,Santa Barbara,Central Coast Valleys,Apr 2006,80.24,K,151.60, ,190, ,1.1, ,17.2, ,9.0, ,13.1, ,90, ,60, ,75, ,8.6, ,1.2,K,17.3, 
107,Santa Barbara,Central Coast Valleys,May 2006,94.97,K,28.40,K,209,K,1.4, ,19.8,K,11.5,L,15.3, ,92, ,65, ,79, ,11.6, ,1.3, ,19.7, 
107,Santa Barbara,Central Coast Valleys,Jun 2006,116.40,K,0.10, ,242, ,1.6, ,23.7,L,13.9,L,18.2,K,91,K,59,K,76, ,13.6, ,1.4, ,22.7,K
107,Santa Barbara,Central Coast Valleys,Jul 2006,144.53,K,0.50, ,276, ,1.8,K,26.3,L,15.4,L,20.2,K,92,K,57,K,76,L,15.5,L,1.2,K,24.7,L
107,Santa Barbara,Central Coast Valleys,Aug 2006,124.77,K,3.20, ,249,K,1.7, ,23.6, ,14.1,L,18.5, ,92, ,60, ,78, ,14.5, ,1.2,K,23.8,K
107,Santa Barbara,Central Coast Valleys,Sep 2006,99.98,K,2.50, ,209, ,1.5,K,23.6, ,12.7,K,17.4, ,91, ,56, ,76,L,13.0,L,1.1,K,22.2, 
107,Santa Barbara,Central Coast Valleys,Oct 2006,78.32,K,4.00,K,163, ,1.2,K,22.2, ,10.5,L,15.8, ,87, ,49, ,68,K,9.3,K,1.0, ,19.5, 
107,Santa Barbara,Central Coast Valleys,Nov 2006,57.34,K,7.90, ,124,K,1.1, ,22.5,K,9.2,K,15.4,K,83,K,39,K,60, ,7.4, ,1.1, ,16.9, 
107,Santa Barbara,Central Coast Valleys,Dec 2006,47.44,K,16.60, ,96, ,0.8, ,18.8, ,6.3, ,11.8, ,73, ,37, ,56, ,2.7, ,1.2,K,12.5, 
107,Santa Barbara,Central Coast Valleys,Jan 2007,51.13,K,71.50, ,109, ,0.7,K,17.1,K,4.8,K,10.3,K,73,K,35,K,54,K,0.7,K,1.2, ,11.0,K
107,Santa Barbara,Central Coast Valleys,Feb 2007,40.36,K,52.20,L,147,L,0.9,L,18.6,L,7.4,L,12.5,L,82,L,46,L,64,L,5.6,L,1.4,L,13.5,L
107,Santa Barbara,Central Coast Valleys,Mar 2007,85.51,K,4.00, ,176, ,1.0,K,19.9,K,8.9, ,13.9,K,84,K,46,K,64,K,6.5,K,1.3,K,16.0,K
107,Santa Barbara,Central Coast Valleys,Apr 2007,103.05, ,23.10, ,226,K,1.1,K,19.2, ,8.7,L,13.6, ,87, ,54, ,71,K,7.9,K,1.6,K,17.7, 
107,Santa Barbara,Central Coast Valleys,May 2007,113.15,K,0.70, ,243, ,1.2,K,19.5,K,10.2, ,14.5,K,88,K,58,K,76,L,9.6,L,1.5,K,19.8, 
107,Santa Barbara,Central Coast Valleys,Jun 2007,133.95,K,0.00, ,280, ,1.4,K,21.5, ,11.9,K,16.3, ,90, ,59, ,78,L,12.4,L,1.5,K,22.2,K
107,Santa Barbara,Central Coast Valleys,Jul 2007,140.72, ,0.00, ,274, ,1.6, ,24.5,K,14.2, ,18.7, ,91, ,57, ,76, ,14.3, ,1.4, ,24.8,L
107,Santa Barbara,Central Coast Valleys,Aug 2007,121.33, ,1.90, ,233, ,1.6, ,25.0, ,14.4, ,18.9, ,90, ,54, ,74, ,14.2, ,1.2,K,25.1,K
107,Santa Barbara,Central Coast Valleys,Sep 2007,105.21,K,4.60, ,209, ,1.4,K,24.4,K,12.5,K,17.8, ,87, ,48, ,70,L,12.3,L,1.2,K,23.2,K
107,Santa Barbara,Central Coast Valleys,Oct 2007,90.78,K,7.80, ,167, ,1.1,K,23.8,K,11.1,L,16.8, ,80, ,39, ,59,K,7.6,K,1.3,K,19.9, 
107,Santa Barbara,Central Coast Valleys,Nov 2007,44.53, ,1.40, ,108, ,1.1, ,19.5,K,8.8, ,13.3,K,85,K,53,K,70, ,7.4, ,1.1, ,16.7,K
107,Santa Barbara,Central Coast Valleys,Dec 2007,43.60,K,76.20, ,94, ,0.8, ,16.7,K,5.8,K,10.9,K,80,K,42,K,61, ,3.2, ,1.2,K,12.2, 
107,Santa Barbara,Central Coast Valleys,Jan 2008,40.28,K,286.40, ,95,K,1.1,K,17.8,L,7.8,L,13.3,K,86,K,48,K,66,L,5.6,L,1.2,K,11.7, 
107,Santa Barbara,Central Coast Valleys,Feb 2008,58.80,K,51.90, ,144, ,0.9, ,17.6,K,6.8, ,11.8, ,85, ,46, ,66, ,5.3, ,1.3, ,13.1, 
107,Santa Barbara,Central Coast Valleys,Mar 2008,112.90,K,0.40, ,218, ,0.9,K,21.1,K,7.9, ,14.1, ,82, ,35, ,56,K,5.0,K,1.5,K,16.7, 
107,Santa Barbara,Central Coast Valleys,Apr 2008,130.09,K,3.50, ,266, ,1.0, ,21.8,K,8.5,K,14.8,K,85,K,39,K,60, ,6.4, ,1.3, ,19.1,K
107,Santa Barbara,Central Coast Valleys,May 2008,123.28,K,2.20, ,260, ,1.2,K,20.7,K,10.0, ,15.1,K,90,K,50,K,70,K,9.4,K,1.4,K,20.2,K
107,Santa Barbara,Central Coast Valleys,Jun 2008,147.87,K,0.40, ,318, ,1.4, ,23.4,L,12.7,K,17.7,K,91,K,55,K,72, ,12.3, ,1.4, ,23.2,K
107,Santa Barbara,Central Coast Valleys,Jul 2008,139.04,K,1.50,K,277, ,1.7, ,23.7,K,14.5,K,18.3,K,92,K,62,K,79, ,14.6, ,1.3,K,24.3,K
107,Santa Barbara,Central Coast Valleys,Aug 2008,131.26,K,0.80, ,259, ,1.8, ,24.0, ,15.1, ,18.7, ,94, ,64, ,81, ,15.4, ,1.3,K,24.6, 
107,Santa Barbara,Central Coast Valleys,Sep 2008,93.76,K,0.20,K,211, ,1.5,K,22.8, ,12.7,K,16.9, ,94, ,60, ,79,K,13.3,K,0.7,K,23.1,K
107,Santa Barbara,Central Coast Valleys,Oct 2008,91.30,K,5.50, ,182,K,1.0,K,24.9,K,10.6,L,16.9, ,80, ,33, ,55,K,6.8,K,0.8, ,20.3,K
107,Santa Barbara,Central Coast Valleys,Nov 2008,55.67,K,50.00,K,117, ,1.0, ,22.7,K,10.0, ,15.6,K,79,K,41,K,61, ,7.2, ,1.1,K,17.2,K
107,Santa Barbara,Central Coast Valleys,Dec 2008,40.42,K,27.20,K,93, ,0.9, ,16.6,K,6.0, ,10.8, ,85, ,45, ,65, ,4.3, ,1.2,K,12.9,K
107,Santa Barbara,Central Coast Valleys,Jan 2009,56.08,K,10.20, ,113, ,0.8, ,20.6,K,7.3,K,12.9,K,71,K,36,K,54, ,2.6, ,1.2,K,13.0,K
107,Santa Barbara,Central Coast Valleys,Feb 2009,53.37,K,148.60, ,136, ,0.9, ,17.6,K,6.3,K,11.4, ,86, ,46, ,68, ,5.2, ,1.3, ,13.5, 
107,Santa Barbara,Central Coast Valleys,Mar 2009,92.26, ,22.70,K,195, ,1.0,K,18.1,K,6.9,K,12.7,K,87,K,47,K,66,K,6.2,K,1.3,K,16.3, 
107,Santa Barbara,Central Coast Valleys,Apr 2009,118.03,K,4.50, ,245, ,1.0,K,20.3,K,7.7,K,13.9, ,85, ,42, ,61,K,6.0,K,1.5,K,18.6,K
107,Santa Barbara,Central Coast Valleys,May 2009,114.65,K,0.00, ,237, ,1.3, ,20.9,K,11.5,K,15.9,K,92,K,57,K,75, ,11.1, ,1.5,K,21.9,K
107,Santa Barbara,Central Coast Valleys,Jun 2009,117.14,K,1.40, ,254, ,1.4, ,20.8, ,11.8, ,16.0, ,93, ,62, ,78, ,12.2, ,1.3, ,22.6,K
107,Santa Barbara,Central Coast Valleys,Jul 2009,154.98,K,0.00, ,307, ,1.5, ,23.8,K,12.7,K,17.6, ,94, ,56, ,76, ,13.3, ,1.3,K,24.9,K
107,Santa Barbara,Central Coast Valleys,Aug 2009,124.93,K,0.00, ,250, ,1.5,K,24.1,K,12.1,K,17.3,K,94,K,55,K,76,K,12.8,K,1.1,K,24.7,K
107,Santa Barbara,Central Coast Valleys,Sep 2009,104.47,K,0.30, ,219, ,1.5,K,24.2,K,12.0,K,17.2, ,93, ,52, ,75,L,12.7,L,1.0,K,24.9,K
107,Santa Barbara,Central Coast Valleys,Oct 2009,81.06,K,24.10,K,162, ,1.1,K,21.7,K,10.2,K,15.5,K,86,K,44,K,64,K,7.9,K,1.2,K,20.6,K
107,Santa Barbara,Central Coast Valleys,Nov 2009,55.70,K,0.70,K,128,K,0.9,K,20.6,K,7.3,K,13.3,K,81,K,40,K,61, ,5.5, ,1.0,K,16.6,K
107,Santa Barbara,Central Coast Valleys,Dec 2009,35.06,K,70.30,K,88,K,0.8,K,16.0,K,5.6,K,10.2,K,84,K,48,K,68, ,4.3, ,1.0,K,12.9,K
107,Santa Barbara,Central Coast Valleys,Jan 2010,41.75,K,97.50,K,97, ,0.9, ,18.1,K,7.3, ,11.9, ,83, ,47, ,67, ,5.5, ,1.1, ,13.3, 
107,Santa Barbara,Central Coast Valleys,Feb 2010,53.34,K,124.80, ,139, ,1.0, ,17.1,K,7.1, ,11.8, ,87, ,52, ,71, ,6.5, ,1.2, ,14.7, 
107,Santa Barbara,Central Coast Valleys,Mar 2010,106.65,K,1.70, ,215, ,0.9, ,19.8,K,7.8, ,13.3, ,82, ,40, ,60, ,5.2, ,1.5,K,16.7, 
107,Santa Barbara,Central Coast Valleys,Apr 2010,110.80,K,32.40,K,246, ,1.0, ,17.8, ,7.8,K,12.7, ,87,K,50,K,69, ,6.7, ,1.6,K,17.9, 
107,Santa Barbara,Central Coast Valleys,May 2010,150.85,K,0.00, ,301,K,1.1,K,21.4,K,9.6,K,15.1,K,86,K,45,K,65,L,8.0,L,1.7,K,20.5, 
107,Santa Barbara,Central Coast Valleys,Jun 2010,118.49, ,0.80, ,269, ,1.4, ,19.4,K,10.8,K,14.5, ,94, ,66, ,82, ,11.4, ,1.4, ,22.5, 
107,Santa Barbara,Central Coast Valleys,Jul 2010,124.70,K,0.40,K,273,K,1.4,K,21.0,K,11.6,K,15.6,K,93,K,62,K,79,K,11.8,K,1.3,K,23.4,K
107,Santa Barbara,Central Coast Valleys,Aug 2010,131.80,K,9.20,K,271, ,1.3,K,21.5,K,10.2,K,15.2,K,96,K,57,K,78,K,11.3,K,1.3,K,23.7, 
107,Santa Barbara,Central Coast Valleys,Sep 2010,97.74,K,12.30, ,213, ,1.3,K,21.7,K,10.5,K,15.2,K,96,K,54,K,78,K,10.9,K,1.1,K,22.8, 
107,Santa Barbara,Central Coast Valleys,Oct 2010,72.01,K,25.80,K,137,K,1.2, ,20.5,K,10.0,K,13.9,K,93,K,59,K,79, ,9.6, ,1.1,K,20.7,K
107,Santa Barbara,Central Coast Valleys,Nov 2010,57.79,K,37.80, ,125, ,0.9, ,19.8,K,8.1,K,13.7,K,79,K,38,K,58, ,5.1, ,1.2, ,16.2,K
107,Santa Barbara,Central Coast Valleys,Dec 2010,30.47,K,271.70, ,77, ,1.1,K,17.2,K,8.1, ,12.0, ,90, ,59, ,76,K,7.6,K,1.1, ,13.8, 
107,Santa Barbara,Central Coast Valleys,Jan 2011,49.82,K,29.20, ,110, ,0.9, ,19.7,K,7.0,K,12.6,K,83,K,39,K,61, ,5.0, ,1.0, ,13.0,K
107,Santa Barbara,Central Coast Valleys,Feb 2011,58.17,K,89.20,K,154, ,0.9, ,16.6,K,5.5,K,10.7, ,87, ,46, ,66, ,4.2, ,1.2, ,13.6, 
107,Santa Barbara,Central Coast Valleys,Mar 2011,83.91,K,41.90,K,180, ,1.1, ,19.0,K,7.8,K,13.2,K,92,K,51,K,72, ,7.9, ,1.4,K,15.9,K
107,Santa Barbara,Central Coast Valleys,Apr 2011,120.46,K,4.60, ,248, ,1.1,K,20.8,K,9.5,K,15.0,K,85,K,47,K,66,K,7.9,K,1.4, ,19.1, 
107,Santa Barbara,Central Coast Valleys,May 2011,146.66,K,33.50, ,294, ,1.1,K,21.3,K,9.7, ,15.2, ,91, ,47, ,69,L,9.2,L,1.5,K,20.7, 
107,Santa Barbara,Central Coast Valleys,Jun 2011,100.71,K,39.40, ,224, ,1.4,K,20.0,K,11.3,K,15.3, ,95, ,65, ,81,K,12.0,K,1.2,K,20.9, 
107,Santa Barbara,Central Coast Valleys,Jul 2011,130.44,K,16.30,K,267, ,1.7, ,23.3,K,14.3,K,18.2, ,94, ,62, ,79, ,14.5, ,1.3,K,24.0,K
107,Santa Barbara,Central Coast Valleys,Aug 2011,128.71, ,11.60, ,261, ,1.6, ,23.4, ,13.5,K,17.6, ,94, ,60, ,80, ,14.1, ,1.3, ,23.7, 
107,Santa Barbara,Central Coast Valleys,Sep 2011,90.39,K,15.60, ,197, ,1.6, ,22.8,K,13.2,K,17.1, ,95, ,62, ,81, ,13.7, ,1.1,K,22.7, 
107,Santa Barbara,Central Coast Valleys,Oct 2011,81.63,K,35.10, ,167, ,1.3, ,23.3,K,11.9, ,16.7,K,90,K,49,K,71, ,10.9, ,1.1,K,20.4, 
107,Santa Barbara,Central Coast Valleys,Nov 2011,49.53, ,55.30, ,116, ,1.0, ,19.4,K,7.9, ,13.0, ,86, ,45, ,67, ,6.5, ,1.1, ,15.6, 
107,Santa Barbara,Central Coast Valleys,Dec 2011,45.52, ,17.90, ,104, ,0.8, ,18.1, ,5.4, ,10.8, ,80, ,38, ,61, ,3.0, ,1.0, ,11.9, 
107,Santa Barbara,Central Coast Valleys,Jan 2012,53.84,K,48.00, ,117, ,0.9,K,20.3,K,6.7, ,12.6,K,82,K,37,K,59,K,4.3,K,1.0, ,12.6, 
107,Santa Barbara,Central Coast Valleys,Feb 2012,67.79,K,5.80, ,160, ,0.9, ,18.5,K,6.9, ,12.3,K,83,K,39,K,61, ,4.5, ,1.3, ,13.7, 
107,Santa Barbara,Central Coast Valleys,Mar 2012,86.18,K,76.60, ,191, ,0.9,K,17.5,K,6.7,K,11.8, ,87, ,49, ,67,K,5.2,K,1.4,K,14.7,K
107,Santa Barbara,Central Coast Valleys,Apr 2012,108.27,K,64.90, ,240, ,1.1, ,19.6, ,8.9,K,13.9, ,90, ,49, ,70, ,8.1, ,1.3, ,17.5, 
107,Santa Barbara,Central Coast Valleys,May 2012,143.66,K,3.20, ,292, ,1.3, ,21.9,K,11.0, ,15.9,K,92,K,52,K,73, ,10.9, ,1.4,K,20.9, 
107,Santa Barbara,Central Coast Valleys,Jun 2012,125.49, ,4.10,K,267, ,1.4,K,21.9,K,12.6, ,16.7,K,91,K,58,K,78,L,12.6,L,1.3, ,22.3, 
107,Santa Barbara,Central Coast Valleys,Jul 2012,131.88,K,0.30,K,274,L,1.5,K,22.2,K,13.1,K,17.3,K,94,K,61,K,79,K,13.4,K,1.4,K,23.4,L
107,Santa Barbara,Central Coast Valleys,Aug 2012,145.53,K,0.50,K,277, ,1.7, ,26.1,K,14.7,K,19.4, ,94, ,54, ,76, ,14.9, ,1.3,K,24.0,K
107,Santa Barbara,Central Coast Valleys,Sep 2012,109.87, ,3.60, ,223, ,1.7, ,25.9,K,14.3, ,19.1, ,96, ,55, ,78, ,15.1, ,1.2,K,22.8, 
107,Santa Barbara,Central Coast Valleys,Oct 2012,92.19,K,3.60, ,180, ,1.4, ,25.0,K,12.3, ,18.0,K,89,K,45,K,68, ,11.4, ,1.1, ,20.4, 
107,Santa Barbara,Central Coast Valleys,Nov 2012,48.68,K,24.80,K,111,K,1.2,K,20.0,K,9.5,K,14.6,K,90,K,51,K,71,K,8.6,K,1.1,K,16.0,K
107,Santa Barbara,Central Coast Valleys,Dec 2012,35.43, ,66.10, ,90, ,1.0,K,16.6, ,6.9,K,11.3, ,91,K,53,K,74,K,6.6,K,1.1, ,13.4,K
107,Santa Barbara,Central Coast Valleys,Jan 2013,51.59,K,38.90, ,113, ,0.7, ,18.1,K,5.2,K,10.9, ,81, ,36, ,56, ,1.9, ,1.1,K,10.8,K
107,Santa Barbara,Central Coast Valleys,Feb 2013,64.08, ,18.10, ,157, ,0.8, ,17.9,K,5.6,K,11.4, ,87, ,41, ,62, ,3.9, ,1.3, ,12.5, 
107,Santa Barbara,Central Coast Valleys,Mar 2013,86.13, ,45.90, ,187, ,1.1, ,19.3,K,8.7, ,13.4, ,94, ,54, ,74, ,8.5, ,1.4, ,15.8, 
107,Santa Barbara,Central Coast Valleys,Apr 2013,108.41, ,32.30,K,227, ,1.2,K,20.6, ,9.9, ,14.7, ,90, ,51, ,71,K,8.8,K,1.5, ,17.9, 
107,Santa Barbara,Central Coast Valleys,May 2013,144.83,K,29.40,K,277, ,1.4, ,22.9,K,11.5,K,17.0,K,94,K,51,K,71, ,11.6, ,1.6,K,20.6, 
107,Santa Barbara,Central Coast Valleys,Jun 2013,114.17,K,29.60, ,240, ,1.6, ,22.5,K,13.2, ,17.4,K,96,K,63,K,80, ,13.8, ,1.4, ,21.7,K
107,Santa Barbara,Central Coast Valleys,Jul 2013,122.80, ,20.50,K,247, ,1.7,K,23.2,K,14.3,K,17.9, ,96, ,64, ,82,K,14.8,K,1.4,K,23.4,K
107,Santa Barbara,Central Coast Valleys,Aug 2013,130.87,K,1.40, ,257, ,1.7, ,23.9,K,13.8,K,18.1, ,96, ,59, ,80, ,14.4, ,1.3, ,22.7, 
107,Santa Barbara,Central Coast Valleys,Sep 2013,112.76, ,1.00, ,217, ,1.5,K,25.9, ,13.6,K,19.0, ,93, ,47, ,73,L,14.0,L,1.2,K,22.7,K
107,Santa Barbara,Central Coast Valleys,Oct 2013,84.43, ,1.60,K,170, ,1.2, ,22.3,K,10.2, ,15.7,K,91,K,49,K,69, ,9.4, ,1.1, ,19.0, 
107,Santa Barbara,Central Coast Valleys,Nov 2013,51.80, ,0.00, ,115, ,1.1, ,21.3,K,9.1, ,14.6,K,86,K,43,K,65, ,7.7, ,1.0, ,15.8, 
107,Santa Barbara,Central Coast Valleys,Dec 2013,50.82,K,0.00, ,103, ,0.7, ,19.9,K,5.7,K,11.9, ,82, ,30, ,51, ,1.3, ,1.0, ,11.4, 
107,Santa Barbara,Central Coast Valleys,Jan 2014,55.97,K,3.30,K,108, ,0.8,K,22.1,K,8.1, ,14.3, ,77, ,31, ,52,K,3.2,K,1.0, ,12.3, 
107,Santa Barbara,Central Coast Valleys,Feb 2014,58.37, ,29.70,K,142, ,1.0, ,19.6,K,8.3, ,13.4, ,88, ,45, ,67, ,7.0, ,1.2, ,14.2, 
107,Santa Barbara,Central Coast Valleys,Mar 2014,94.07,K,42.30, ,190, ,1.1, ,21.1,K,9.9, ,15.1,K,87,K,47,K,67, ,8.6, ,1.3, ,16.9, 
107,Santa Barbara,Central Coast Valleys,Apr 2014,127.01,K,24.20, ,258, ,1.1, ,22.0,K,9.6, ,15.5,K,87,K,43,K,64, ,7.8, ,1.4, ,18.2, 
107,Santa Barbara,Central Coast Valleys,May 2014,152.81,K,27.10, ,292, ,1.2,K,24.1,K,12.4,K,18.5,K,83,K,39,K,64,L,10.0,L,1.6,K,20.8, 
107,Santa Barbara,Central Coast Valleys,Jun 2014,131.28, ,5.00, ,274, ,1.5, ,21.9, ,13.0, ,17.1, ,93, ,60, ,78, ,13.2, ,1.5, ,22.3, 
107,Santa Barbara,Central Coast Valleys,Jul 2014,137.88, ,3.60, ,261, ,1.8, ,25.5,K,15.9,K,20.0,K,92, ,56, ,76,K,15.6,K,1.5, ,25.1,K
107,Santa Barbara,Central Coast Valleys,Aug 2014,133.59, ,6.70, ,254, ,1.7, ,25.0, ,14.9, ,19.2, ,93, ,58, ,77, ,15.1, ,1.4,K,25.3,K
107,Santa Barbara,Central Coast Valleys,Sep 2014,111.15,K,4.80, ,213, ,1.7, ,26.5,L,14.7,K,20.2,K,93,K,50,K,72,K,15.0,K,1.2, ,24.8,L
107,Santa Barbara,Central Coast Valleys,Oct 2014,90.22,K,22.30, ,171, ,1.5,K,26.0,K,13.5,K,19.1,K,89, ,46, ,68,K,12.5,K,1.1, ,22.0, 
107,Santa Barbara,Central Coast Valleys,Nov 2014,58.87,K,4.20, ,116, ,1.0, ,23.1,K,10.8,K,16.3,K,79, ,37, ,56,K,6.7,K,1.1, ,17.1, 
107,Santa Barbara,Central Coast Valleys,Dec 2014,37.35, ,122.10, ,85, ,1.1,K,19.2,K,9.1,K,13.6,L,84,K,51,K,70,L,7.9,L,1.2,K,14.4,K
107,Santa Barbara,Central Coast Valleys,Jan 2015,48.43, ,36.20, ,106, ,1.0, ,20.9,K,8.6,K,13.8, ,83, ,44, ,65, ,6.8, ,1.0, ,13.1, 
107,Santa Barbara,Central Coast Valleys,Feb 2015,60.48, ,19.10, ,148, ,1.2,K,20.8,K,9.7,K,14.7,K,89, ,52, ,72,K,9.1,K,1.1, ,16.2,K
107,Santa Barbara,Central Coast Valleys,Mar 2015,102.94,K,13.40, ,200, ,1.2, ,23.4,K,10.8,K,16.7,K,87, ,43, ,63,K,8.9,K,1.2, ,18.3,K
107,Santa Barbara,Central Coast Valleys,Apr 2015,119.68, ,12.50, ,239, ,1.0,K,22.0, ,9.7, ,15.8,K,87, ,38, ,58,K,7.1,K,1.4, ,19.7,K
107,Santa Barbara,Central Coast Valleys,May 2015,116.28, ,23.60, ,250, ,1.3, ,19.7, ,10.1, ,14.7, ,92, ,56, ,75, ,10.2, ,1.4, ,20.3, 
107,Santa Barbara,Central Coast Valleys,Jun 2015,121.70,K,23.80, ,259, ,1.6, ,22.9, ,13.6, ,17.7, ,95, ,61, ,79, ,14.0, ,1.4, ,23.0, 
107,Santa Barbara,Central Coast Valleys,Jul 2015,127.22,K,5.50,K,249, ,1.8,K,24.9,K,15.6,L,19.7,K,94,K,59,K,78,K,15.7,K,1.3, ,25.4,K
107,Santa Barbara,Central Coast Valleys,Aug 2015,133.65,K,5.20,K,244,K,1.9,K,27.6,K,16.1,K,21.2,K,93,K,51,K,74,K,16.3,K,1.3,K,26.3,L
107,Santa Barbara,Central Coast Valleys,Sep 2015,112.20,K,10.30,K,209, ,1.8,K,28.8,K,16.6,K,22.0,K,91, ,45, ,69,K,15.9,K,1.1, ,26.4,L
107,Santa Barbara,Central Coast Valleys,Oct 2015,92.82,K,31.20,K,167, ,1.6,K,28.2,K,14.9,K,20.9,K,90,K,40,K,64,L,13.3,L,1.2,K,22.7,K
107,Santa Barbara,Central Coast Valleys,Nov 2015,66.34, ,22.90,K,128, ,0.8,K,21.5,K,8.2, ,14.4,K,75, ,29, ,48,K,3.0,K,1.3,K,14.5,K
107,Santa Barbara,Central Coast Valleys,Dec 2015,51.18, ,21.80,K,99, ,0.8, ,18.6,K,6.3,K,11.9,K,74, ,35, ,54,K,2.6,K,1.4,K,11.2, 
107,Santa Barbara,Central Coast Valleys,Jan 2016,41.70, ,129.20,K,95, ,1.0, ,17.9,K,8.3, ,12.5, ,87, ,51, ,71, ,7.1, ,1.2,K,12.4, 
107,Santa Barbara,Central Coast Valleys,Feb 2016,81.83,K,20.60, ,174, ,0.9, ,23.7,K,8.5, ,15.5,K,81,K,29,K,52,L,4.8,L,1.2,K,14.7, 
107,Santa Barbara,Central Coast Valleys,Mar 2016,94.31,K,5.20,K,193, ,1.1, ,20.0, ,9.6, ,14.6,K,87, ,50, ,67,K,8.2,K,1.4,K,16.5, 
107,Santa Barbara,Central Coast Valleys,Apr 2016,125.67,K,17.90, ,252, ,1.1, ,22.4,K,10.3,K,16.0,K,88, ,44, ,64,K,8.6,K,1.4,K,18.6, 
107,Santa Barbara,Central Coast Valleys,May 2016,104.50, ,15.30, ,223, ,1.3, ,19.2, ,11.1, ,14.8, ,94, ,63, ,79, ,11.1, ,1.4, ,19.7, 
107,Santa Barbara,Central Coast Valleys,Jun 2016,125.50,K,14.20, ,265, ,1.5, ,22.5,L,12.6,K,17.0,K,95,K,59,K,80,L,13.2,L,1.3,K,22.0, 
107,Santa Barbara,Central Coast Valleys,Jul 2016,142.05,K,29.90, ,280, ,1.7, ,24.2,K,13.8, ,18.4,K,95,K,59,K,78,K,14.5,K,1.2,K,23.4, 
107,Santa Barbara,Central Coast Valleys,Aug 2016,125.22,K,30.10, ,254, ,1.6, ,22.7, ,11.9,K,16.8, ,96, ,62, ,81, ,13.5, ,1.2,K,23.0, 
107,Santa Barbara,Central Coast Valleys,Sep 2016,91.62,K,9.00,K,214,K,1.4,K,21.2,K,9.8,L,14.2,L,95,K,71,K,84,L,11.3,L,1.0,K,22.1,K
107,Santa Barbara,Central Coast Valleys,Oct 2016,69.98,K,39.10,K,166,K,1.2,K,19.4,K,7.7,K,13.1,K,92,L,62,L,74,L,8.2,L,0.9,K,19.4,K
107,Santa Barbara,Central Coast Valleys,Nov 2016,50.60,K,12.00,K,123, ,1.0, ,19.3,K,7.1,K,12.7,K,86, ,44, ,65,K,5.6,K,0.8,K,20.6,L
107,Santa Barbara,Central Coast Valleys,Dec 2016,33.02,K,0.80, ,84, ,0.8, ,12.7,L,2.7,K,8.6,L,87,K,58,K,68,L,3.2,L,1.0,K,,M
107,Santa Barbara,Central Coast Valleys,Jan 2017,24.48,K,0.80, ,95, ,1.1,K,10.9,K,3.0,K,6.8,L,94,K,78,K,87,L,5.6,L,1.0,K,,M
107,Santa Barbara,Central Coast Valleys,Feb 2017,32.72,K,0.20, ,114, ,1.1,K,9.4,K,2.0,K,6.7,L,97,K,88,K,88,L,6.3,L,1.3,K,,M
107,Santa Barbara,Central Coast Valleys,Mar 2017,100.24,K,24.90, ,201, ,1.1, ,21.6, ,8.8,K,14.6,K,88,K,43,K,65, ,7.7, ,1.2, ,,M
107,Santa Barbara,Central Coast Valleys,Apr 2017,124.75,K,23.20, ,249, ,1.1,K,22.5,K,10.2, ,16.1,K,90, ,42, ,63,K,8.5,K,1.4, ,,M
107,Santa Barbara,Central Coast Valleys,May 2017,126.22,K,26.60,K,261, ,1.3,K,20.7,K,10.4,L,15.3, ,93, ,54, ,73,K,10.2,K,1.3,K,,M
107,Santa Barbara,Central Coast Valleys,Jun 2017,128.59,K,20.70,K,282, ,1.2,K,19.0,K,9.6,L,13.8,L,91,K,60,K,76,L,9.7,L,1.4, ,,M
107,Santa Barbara,Central Coast Valleys,Jul 2017,120.99,K,16.70,K,275, ,1.6,K,19.3,K,8.7,L,13.7,L,99,K,92,K,98,L,13.7,L,1.2, ,,M
107,Santa Barbara,Central Coast Valleys,Aug 2017,95.97,K,12.80, ,241, ,2.4,K,20.5,K,9.5,K,14.6,K,100,K,100,K,100,L,13.3,L,1.3, ,,M
107,Santa Barbara,Central Coast Valleys,Sep 2017,84.53,K,9.00,L,208,L,2.4,L,23.4,L,10.4,L,16.7,L,98,L,85,L,81,L,14.6,L,1.2,L,,M
107,Santa Barbara,Central Coast Valleys,Oct 2017,100.22,K,23.80, ,184,K,1.2, ,26.9,K,12.4,L,18.7,L,84,K,37,K,62,L,10.2,L,1.1,K,20.0,L
107,Santa Barbara,Central Coast Valleys,Nov 2017,52.56,K,12.70, ,117, ,1.2, ,23.0,K,11.1,K,16.2,K,89,K,45,K,68,L,9.8,L,1.0,K,17.1, 
107,Santa Barbara,Central Coast Valleys,Dec 2017,48.63,K,14.00, ,88, ,0.7,K,21.3,K,7.4, ,13.2,K,68, ,31, ,49,K,1.5,K,0.9, ,12.3, 
107,Santa Barbara,Central Coast Valleys,Jan 2018,46.53,K,48.70, ,98, ,1.0,K,21.4,K,8.8,K,14.4,K,82, ,43, ,64,K,6.8,K,1.1,K,13.7,K
107,Santa Barbara,Central Coast Valleys,Feb 2018,68.16,K,10.90,K,164,K,0.8,K,19.5, ,6.6, ,12.5,K,81,K,35,K,57,K,3.8,K,1.3,K,14.0,L
107,Santa Barbara,Central Coast Valleys,Mar 2018,83.73,K,145.40,K,186,K,1.1,K,18.5, ,8.5,K,13.0, ,89, ,53, ,71,K,7.3,K,1.2, ,15.3, 
107,Santa Barbara,Central Coast Valleys,Apr 2018,124.97,K,7.70,K,266, ,1.2,K,21.8,K,10.1,K,15.3,K,91, ,50, ,70,L,9.2,L,1.4, ,18.5, 
107,Santa Barbara,Central Coast Valleys,May 2018,115.71,K,14.50, ,253, ,1.4, ,20.7, ,11.3, ,15.6, ,96, ,63, ,80, ,12.1, ,1.2, ,19.6, 
107,Santa Barbara,Central Coast Valleys,Jun 2018,128.22, ,9.30,K,278, ,1.6, ,22.2, ,13.5, ,17.4, ,98, ,66, ,82, ,14.3, ,1.4, ,22.2, 
107,Santa Barbara,Central Coast Valleys,Jul 2018,152.37,K,4.80, ,298, ,1.9,K,26.6,L,16.6,L,20.8,L,95,K,59,K,81,L,17.1,L,1.0,K,25.2,K
107,Santa Barbara,Central Coast Valleys,Aug 2018,142.45,K,6.00,K,274, ,2.0,K,27.0,K,16.4, ,21.0,K,97, ,59, ,80,K,17.3,K,0.8,K,25.4,K
107,Santa Barbara,Central Coast Valleys,Sep 2018,98.12,K,6.30, ,219, ,1.8, ,24.5, ,14.9, ,18.8, ,98, ,64, ,83, ,15.9, ,0.5,K,23.7,L
107,Santa Barbara,Central Coast Valleys,Oct 2018,87.51,K,17.10,K,181, ,1.6, ,25.6, ,13.5, ,18.8,K,94, ,50, ,73,K,13.4,K,0.8, ,,M
107,Santa Barbara,Central Coast Valleys,Nov 2018,56.97,K,54.50, ,122, ,1.2,K,23.4,K,10.9,K,16.5,K,84, ,42, ,63,K,8.6,K,1.0,K,15.4,L
107,Santa Barbara,Central Coast Valleys,Dec 2018,43.96, ,7.70, ,97, ,1.1,K,20.2, ,8.7, ,13.9, ,88, ,47, ,69,K,8.0,K,1.2,K,12.7, 
107,Santa Barbara,Central Coast Valleys,Jan 2019,42.40, ,173.00,K,97, ,1.1,K,18.8, ,8.9, ,13.6, ,88, ,52, ,73,K,8.3,K,1.2,K,12.1,L
107,Santa Barbara,Central Coast Valleys,Feb 2019,51.40,K,161.30, ,140, ,1.0,K,16.2, ,6.3, ,11.2, ,88, ,52, ,71,K,5.9,K,1.5,K,,M
107,Santa Barbara,Central Coast Valleys,Mar 2019,98.32,K,87.10,K,209, ,1.2,K,21.5,K,9.7,K,15.0,K,91,K,52,K,70,K,9.0,K,1.3,K,,M
107,Santa Barbara,Central Coast Valleys,Apr 2019,109.77,K,9.80, ,232,K,1.5,K,23.7,L,12.3,L,17.2,L,94,K,57,K,79,L,12.6,L,1.4, ,,M
107,Santa Barbara,Central Coast Valleys,May 2019,101.05,K,48.40, ,220, ,1.3, ,19.5, ,11.6,L,15.1, ,93, ,64, ,78, ,11.2, ,1.5,K,19.0,L
107,Santa Barbara,Central Coast Valleys,Jun 2019,79.21,K,1.70, ,186, ,1.7, ,20.8,K,13.7, ,16.7,K,98, ,73, ,87,K,14.5,K,1.1,K,20.4,K
107,Santa Barbara,Central Coast Valleys,Jul 2019,145.05,K,0.80,K,295,K,1.8, ,24.2,K,14.8, ,18.7, ,97, ,64, ,82, ,15.6, ,1.4, ,23.1,K
107,Santa Barbara,Central Coast Valleys,Aug 2019,145.00,K,0.60,K,287, ,1.9, ,25.2, ,15.2, ,19.4, ,98, ,63, ,83, ,16.4, ,1.3, ,23.9,L
107,Santa Barbara,Central Coast Valleys,Sep 2019,121.72,K,2.30,K,239, ,1.8, ,27.8,K,15.5,K,20.8, ,94, ,53, ,75, ,16.0, ,1.2,K,23.2, 
107,Santa Barbara,Central Coast Valleys,Oct 2019,106.00,K,2.20,K,202, ,1.1,K,26.0,K,12.3, ,18.5,K,79,K,35,K,54,K,8.0,K,1.1, ,19.8, 
107,Santa Barbara,Central Coast Valleys,Nov 2019,55.69,K,46.50,K,123, ,1.1,K,21.8,K,9.3, ,14.7,K,87, ,45, ,66,K,7.7,K,1.0, ,15.9, 
107,Santa Barbara,Central Coast Valleys,Dec 2019,38.36,K,119.20, ,86, ,1.1,K,18.4, ,8.7,K,13.1, ,86, ,51, ,70,K,7.4,K,1.2,K,12.9, 
107,Santa Barbara,Central Coast Valleys,Jan 2020,50.58,K,9.50, ,110, ,1.1, ,21.3,L,8.7, ,14.4,K,85,K,46,K,66,K,7.8,K,1.1, ,12.0, 
107,Santa Barbara,Central Coast Valleys,Feb 2020,75.33,K,6.00, ,172, ,1.1, ,22.9,L,9.2,K,15.1,L,84,K,42,K,66,L,8.0,L,1.1, ,13.6, 
107,Santa Barbara,Central Coast Valleys,Mar 2020,85.50,K,110.70, ,189, ,1.2, ,19.7,K,9.3, ,13.8, ,92, ,56, ,74, ,9.1, ,1.4, ,15.1, 
107,Santa Barbara,Central Coast Valleys,Apr 2020,111.85,K,62.60, ,240,K,1.4,K,22.7,K,12.1,K,16.6,L,93,K,57,K,78,L,12.2,L,1.3, ,17.7, 
107,Santa Barbara,Central Coast Valleys,May 2020,154.23,K,16.90, ,303,K,1.7,K,25.8,L,14.5,K,19.9,K,95,K,54,K,77,L,14.8,L,1.4,K,20.4, 
107,Santa Barbara,Central Coast Valleys,Jun 2020,121.91,K,15.50,K,270,K,1.6,K,23.2,L,15.0,K,18.7,L,94,K,61,K,80,L,14.8,L,1.4, ,21.1, 
107,Santa Barbara,Central Coast Valleys,Jul 2020,149.94,K,9.40, ,296,K,1.7, ,24.1,K,14.4, ,18.5, ,96, ,63, ,81, ,15.2, ,1.3, ,22.2, 
107,Santa Barbara,Central Coast Valleys,Aug 2020,143.96,K,0.00, ,273,K,2.0,K,27.2,L,16.4,K,21.0,K,96, ,59, ,79,L,16.7,L,1.2, ,23.6, 
107,Santa Barbara,Central Coast Valleys,Sep 2020,104.47,K,0.00, ,214, ,1.8, ,26.4,L,15.0,K,20.0,K,97,K,56,K,80,L,15.9,L,1.0,K,23.0, 
107,Santa Barbara,Central Coast Valleys,Oct 2020,80.33,K,0.00, ,158, ,1.6, ,26.5,K,14.2,K,19.4,K,92, ,48, ,70,K,13.4,K,0.9,K,21.2, 
107,Santa Barbara,Central Coast Valleys,Nov 2020,58.79,K,10.80, ,124,K,1.0, ,21.6,K,8.7, ,14.3,K,83, ,41, ,61,K,6.3,K,1.1,K,15.8, 
107,Santa Barbara,Central Coast Valleys,Dec 2020,54.47,K,62.80,K,102, ,0.8, ,21.6,K,7.8, ,13.8,K,76, ,33, ,53,K,3.5,K,1.1,K,12.3, 
107,Santa Barbara,Central Coast Valleys,Jan 2021,52.91,K,98.50, ,107, ,0.9, ,21.1,L,8.2,K,14.2,K,80,K,39,K,63,L,5.8,L,1.2,K,12.0, 
107,Santa Barbara,Central Coast Valleys,Feb 2021,78.28,K,7.40, ,182,K,1.0, ,22.4,L,8.8, ,15.2,K,80,K,38,K,60,L,6.6,L,1.3, ,13.3, 
107,Santa Barbara,Central Coast Valleys,Mar 2021,116.02,K,32.80, ,235,K,1.1,K,22.4,L,9.1, ,15.4,K,88,K,43,K,64,K,8.2,K,1.4, ,14.3,K
107,Santa Barbara,Central Coast Valleys,Apr 2021,133.93,K,7.50, ,277,K,1.5,K,26.0,L,11.4,K,17.7,K,94,K,52,K,74,L,12.6,L,1.3, ,17.7, 
107,Santa Barbara,Central Coast Valleys,May 2021,128.63,K,9.20, ,266,K,1.5,K,24.2,L,12.3,K,16.9,K,96,K,62,K,79,K,13.2,K,1.3,K,19.7, 
107,Santa Barbara,Central Coast Valleys,Jun 2021,149.54,K,19.70,K,312,K,1.6,K,23.7,L,14.2,K,18.2,K,96,K,60,K,79,K,14.3,K,1.3,K,22.4, 
107,Santa Barbara,Central Coast Valleys,Jul 2021,153.95,K,0.80,K,305, ,1.9,K,25.1, ,15.8, ,19.6, ,98, ,63, ,83,K,16.5,K,1.2,K,24.5, 
107,Santa Barbara,Central Coast Valleys,Aug 2021,139.12,K,3.00,K,266,K,2.1,K,28.3,L,16.3,K,21.4,K,98,K,61,K,83,L,17.8,L,1.2,K,23.7, 
107,Santa Barbara,Central Coast Valleys,Sep 2021,104.09,K,3.60, ,221, ,1.8, ,25.1, ,14.5, ,18.8, ,99, ,62, ,84, ,15.8, ,1.1, ,22.0, 
107,Santa Barbara,Central Coast Valleys,Oct 2021,93.48,K,52.10,K,184,K,1.5,K,28.9,L,13.0,K,19.2,K,91,K,43,K,67,L,12.2,L,1.2,K,19.1, 
107,Santa Barbara,Central Coast Valleys,Nov 2021,55.82,K,8.40, ,127, ,1.4,K,25.4,L,11.8,K,17.6,K,89,K,51,K,75,L,11.8,L,0.9, ,17.0, 
107,Santa Barbara,Central Coast Valleys,Dec 2021,30.84,K,203.50, ,84, ,1.2,K,18.2,L,8.7,K,12.8,K,96,K,62,K,82,K,9.7,K,1.1, ,13.3, 
107,Santa Barbara,Central Coast Valleys,Jan 2022,48.10, ,1.60, ,108, ,1.1,K,25.3,L,9.8,K,15.5,K,86,K,40,K,65,K,8.4,K,0.9, ,12.0, 
107,Santa Barbara,Central Coast Valleys,Feb 2022,81.07,K,0.40, ,185,K,0.9, ,24.4,L,8.7, ,16.3,K,75,K,30,K,54,L,5.6,L,1.2, ,13.2, 
107,Santa Barbara,Central Coast Valleys,Mar 2022,113.34,K,31.60,K,225,K,1.3,K,24.8,L,10.3,K,17.3,K,90,K,43,K,68,L,10.3,L,1.4,K,15.7, 
107,Santa Barbara,Central Coast Valleys,Apr 2022,138.63,K,4.80,K,282,K,1.5,K,26.5,L,12.1,L,18.4,L,93,K,45,K,70,L,12.0,L,1.4, ,18.5, 
107,Santa Barbara,Central Coast Valleys,May 2022,146.44,K,2.10, ,295,K,1.5,K,25.2,L,13.1,K,17.9,K,95,K,54,K,75,K,12.9,K,1.5, ,20.6, 
107,Santa Barbara,Central Coast Valleys,Jun 2022,162.02,K,7.80, ,325,K,2.0,K,27.5,L,16.0,K,20.5,K,98,K,59,K,81,L,16.5,L,1.4, ,24.0,K
107,Santa Barbara,Central Coast Valleys,Jul 2022,159.42,K,11.70,K,318,K,2.0,K,25.6,K,15.9, ,19.9,K,99,K,63,K,84,K,17.1,K,1.1,K,25.0, 
107,Santa Barbara,Central Coast Valleys,Aug 2022,155.99,K,7.40, ,295, ,2.1,K,30.7,L,16.4,K,21.7,K,100,K,57,K,81,K,18.3,K,1.0,K,25.6,K
107,Santa Barbara,Central Coast Valleys,Sep 2022,122.25,K,14.80,K,232, ,2.2,K,31.7,L,18.7,K,23.9,L,95,K,48,K,74,L,18.0,L,1.0, ,25.0,K
107,Santa Barbara,Central Coast Valleys,Oct 2022,89.53,K,10.00, ,163, ,0.5,L,24.0,L,13.7,L,17.9,L,39,K,16,K,62,L,8.6,L,0.9, ,21.7,L
107,Santa Barbara,Central Coast Valleys,Nov 2022,54.37,K,34.30, ,130, ,0.8, ,20.1, ,6.8, ,12.8, ,77, ,36, ,55, ,3.4, ,0.8,K,15.4, 
107,Santa Barbara,Central Coast Valleys,Dec 2022,29.41,K,148.70, ,84, ,1.1,K,17.1,K,7.6, ,11.9,K,90, ,57, ,76,K,7.5,K,0.7, ,12.7, 
107,Santa Barbara,Central Coast Valleys,Jan 2023,36.12,K,253.00,K,96,K,1.0,K,16.2, ,6.9, ,11.2,K,88,K,54,K,72,K,6.1,K,0.9,K,12.1,K
107,Santa Barbara,Central Coast Valleys,Feb 2023,57.57,K,95.20, ,160,K,0.8, ,17.0, ,5.1, ,10.6,K,81, ,42, ,62,K,3.2,K,0.9, ,11.9,K
107,Santa Barbara,Central Coast Valleys,Mar 2023,74.91,K,201.40, ,186,K,1.0,K,16.3, ,7.1,K,11.4, ,91, ,57, ,74,K,6.6,K,1.0, ,14.0,K
107,Santa Barbara,Central Coast Valleys,Apr 2023,111.48,K,2.60, ,265,K,1.1, ,18.7, ,8.5,K,13.2, ,93, ,57, ,76, ,8.6, ,0.9, ,17.4,K
107,Santa Barbara,Central Coast Valleys,May 2023,85.31,K,21.40,K,205, ,1.4, ,18.6, ,11.1,K,14.4, ,95, ,69, ,83, ,11.6, ,0.8,K,19.1, 
107,Santa Barbara,Central Coast Valleys,Jun 2023,87.95,K,8.90,K,212, ,1.5, ,19.8, ,12.4, ,16.0, ,96, ,70, ,83, ,13.0, ,0.6,K,20.3,K
107,Santa Barbara,Central Coast Valleys,Jul 2023,153.39, ,0.70, ,315, ,1.8, ,25.1,K,14.3, ,18.6, ,98, ,62, ,82, ,15.4, ,0.7,K,24.2, 
107,Santa Barbara,Central Coast Valleys,Aug 2023,133.70,K,13.00, ,271, ,1.9, ,25.9,K,15.3, ,19.8, ,98, ,60, ,82, ,16.5, ,0.7,K,24.6, 
107,Santa Barbara,Central Coast Valleys,Sep 2023,84.87,K,1.10, ,183, ,1.5, ,24.1, ,14.7, ,18.9, ,84, ,51, ,68, ,12.8, ,0.7,K,22.9, 
107,Santa Barbara,Central Coast Valleys,Oct 2023,93.45,K,0.90, ,197, ,1.2,K,25.3,K,12.1, ,17.7, ,79, ,35, ,57,K,8.2,K,0.6, ,21.1, 
107,Santa Barbara,Central Coast Valleys,Nov 2023,62.54,K,8.00, ,144,K,0.7,K,22.9, ,9.4, ,15.5, ,64, ,24, ,42,K,0.9,K,0.6, ,16.9, 
107,Santa Barbara,Central Coast Valleys,Dec 2023,44.06,K,170.20, ,108, ,0.9,K,20.1,K,8.9,K,13.8,K,71, ,37, ,55,K,3.9,K,0.6, ,14.3,K
107,Santa Barbara,Central Coast Valleys,Jan 2024,48.89,K,63.80, ,126, ,0.9, ,18.2, ,7.9, ,12.6, ,75, ,40, ,59, ,4.4, ,0.7, ,13.4, 
107,Santa Barbara,Central Coast Valleys,Feb 2024,50.32,K,320.00, ,139, ,1.0, ,17.3, ,8.0, ,12.2, ,85, ,50, ,69, ,6.4, ,0.7, ,14.1, 
107,Santa Barbara,Central Coast Valleys,Mar 2024,87.87,K,143.50, ,207, ,1.0,K,18.4, ,8.2, ,12.9, ,85, ,47, ,66,K,6.5,K,0.8, ,15.7, 
107,Santa Barbara,Central Coast Valleys,Apr 2024,100.20,K,31.00,K,235, ,1.0, ,19.0, ,8.9,K,13.8, ,88, ,48, ,66, ,7.2, ,0.7,K,17.4, 
107,Santa Barbara,Central Coast Valleys,May 2024,83.72,K,1.80,K,201,K,1.3,K,18.3, ,10.5, ,14.0,K,97,K,62,K,81,K,10.5,K,0.7,K,18.8,K
107,Santa Barbara,Central Coast Valleys,Jun 2024,121.88,K,0.40,K,265, ,1.4,K,22.2,K,13.0,L,16.9, ,95,K,38,K,74,L,12.1,L,0.7,K,21.5, 
107,Santa Barbara,Central Coast Valleys,Jul 2024,149.97,K,0.40,K,312, ,1.7, ,24.1, ,14.0,L,18.0,K,95,K,63,K,81, ,14.6, ,0.7,K,24.3, 
107,Santa Barbara,Central Coast Valleys,Aug 2024,143.80,K,10.90, ,289, ,1.7, ,25.4, ,14.2, ,19.0, ,94, ,57, ,77, ,14.8, ,0.7,K,24.7, 
107,Santa Barbara,Central Coast Valleys,Sep 2024,97.13,K,7.20,K,214,K,1.7,K,24.5,K,14.2, ,18.2,K,93,K,61,K,79,K,14.5,K,0.7,K,23.2,K
107,Santa Barbara,Central Coast Valleys,Oct 2024,77.10,K,6.40,K,173, ,1.5, ,23.7, ,12.7, ,16.9, ,91, ,54, ,75, ,12.1, ,0.6, ,21.7, 
107,Santa Barbara,Central Coast Valleys,Nov 2024,53.64,K,10.70, ,139, ,0.9, ,20.2, ,7.9, ,13.5, ,78, ,40, ,59, ,5.0, ,0.6, ,16.3, 
107,Santa Barbara,Central Coast Valleys,Dec 2024,41.77,K,4.40, ,112, ,1.0, ,19.3,K,7.1, ,12.3,K,88, ,50, ,71,K,6.6,K,0.6, ,14.0, 
107,Santa Barbara,Central Coast Valleys,Jan 2025,57.80,K,9.00,K,139,K,0.7,K,18.9, ,5.9,K,11.9, ,71, ,35, ,52,K,1.3,K,0.9, ,13.0, 
107,Santa Barbara,Central Coast Valleys,Feb 2025,63.01, ,97.50, ,160,K,1.1, ,19.5,K,8.0, ,13.2,K,91,K,49,K,71,K,7.7,K,1.3, ,14.3, 
107,Santa Barbara,Central Coast Valleys,Mar 2025,83.47, ,71.60, ,190, ,1.0, ,17.7, ,8.1, ,12.5, ,87, ,52, ,71, ,7.2, ,1.5, ,15.4, 
107,Santa Barbara,Central Coast Valleys,Apr 2025,99.84, ,12.00,K,228, ,1.1, ,18.8, ,9.2, ,13.8, ,90, ,56, ,73, ,8.8, ,1.4, ,18.1, 
107,Santa Barbara,Central Coast Valleys,May 2025,126.31, ,6.30,K,268,K,1.4, ,21.4,K,11.8, ,16.1, ,92, ,60, ,77, ,11.9, ,1.4, ,20.5, 
107,Santa Barbara,Central Coast Valleys,Jun 2025,118.33, ,3.00, ,259, ,1.5, ,21.6, ,13.2, ,16.6, ,93, ,66, ,82, ,13.4, ,1.4, ,22.2, 
107,Santa Barbara,Central Coast Valleys,Jul 2025,134.87, ,12.70,K,281, ,1.6, ,22.2, ,13.9, ,17.3, ,94, ,66, ,82, ,14.3, ,1.4, ,23.6, 
107,Santa Barbara,Central Coast Valleys,Aug 2025,141.65, ,9.40,K,259, ,1.7, ,25.4, ,14.8, ,19.4, ,94, ,58, ,77, ,15.3, ,1.3, ,24.6, 
107,Santa Barbara,Central Coast Valleys,Sep 2025,92.75, ,16.50, ,196, ,1.9, ,25.1, ,16.4, ,19.8, ,94, ,64, ,82, ,16.6, ,1.2, ,23.9, 
                                                                                                                                                                                                                                                                                                                                                                                                                                                                                                                                                                                                                                                                                                                                                                                                                                                                                                                                                                                                                                                                